<archetype-descriptor
  xmlns="http://maven.apache.org/plugins/maven-archetype-plugin/archetype-descriptor/1.1.0" xmlns:xsi="http://www.w3.org/2001/XMLSchema-instance"
  xsi:schemaLocation="http://maven.apache.org/plugins/maven-archetype-plugin/archetype-descriptor/1.1.0 https://maven.apache.org/xsd/archetype-descriptor-1.1.0.xsd"
  name="quickstart">
  <requiredProperties>
    <requiredProperty key="appName">
      <defaultValue>xxx-srv</defaultValue>
    </requiredProperty>
  </requiredProperties>
  <fileSets>
    <fileSet filtered="true" packaged="true" encoding="UTF-8">
      <directory>src/main/java</directory>
      <includes>
        <include>**/*.java</include>
        <include>**/*.md</include>
      </includes>
    </fileSet>
    <fileSet filtered="true" packaged="false" encoding="UTF-8">
      <directory>src/main/assembly</directory>
      <includes>
        <include>**/*.sh</include>
        <include>**/*.xml</include>
      </includes>
    </fileSet>
    <fileSet filtered="true" encoding="UTF-8">
      <directory>src/main/resources</directory>
      <includes>
        <include>**/*.xml</include>
        <include>**/*.yml</include>
        <include>**/*.properties</include>
      </includes>
    </fileSet>
    <fileSet filtered="true" packaged="true" encoding="UTF-8">
      <directory>src/test/java</directory>
      <includes>
        <include>**/*.java</include>
      </includes>
    </fileSet>
    <fileSet filtered="true" encoding="UTF-8">
      <directory>src/test/resources</directory>
      <includes>
        <include>**/*.properties</include>
        <include>**/*.xml</include>
        <include>**/*.yml</include>
      </includes>
    </fileSet>
  </fileSets>
</archetype-descriptor>