<?xml version="1.0" encoding="UTF-8"?>
<configuration debug="false" scan="true">
  <springProperty scop="context" name="springAppName" source="spring.application.name"
    defaultValue=""/>
  <springProperty scope="context" name="LOG_PATH" source="log.path"/>
  <property name="LOG_HOME" value="${LOG_PATH:-.}/${springAppName}"/>
  <property name="CONSOLE_LOG_PATTERN"
    value="[${springAppName},%X{traceId:-},%X{spanId:-},%X{PID:-}] %d{yyyy-MM-dd HH:mm:ss.SSS} [%thread] %-5level %logger{30}.%M:%L - %msg %n"/>
  <appender name="console" class="ch.qos.logback.core.ConsoleAppender">
    <encoder>
      <pattern>${CONSOLE_LOG_PATTERN}</pattern>
    </encoder>
  </appender>

  <appender name="debug" class="ch.qos.logback.core.rolling.RollingFileAppender">
    <file>${LOG_HOME}/debug.log</file>
    <rollingPolicy class="ch.qos.logback.core.rolling.SizeAndTimeBasedRollingPolicy">
      <fileNamePattern>${LOG_HOME}/%d{yyyy-MM, aux}/debug.%d{yyyy-MM-dd}.%i.log.gz</fileNamePattern>
      <maxFileSize>50MB</maxFileSize>
      <maxHistory>30</maxHistory>
    </rollingPolicy>
    <encoder>
      <pattern>[${springAppName},%X{traceId:-},%X{spanId:-},%X{PID:-}]
        %d{yyyy-MM-dd HH:mm:ss.SSS} [%thread] %-5level [%logger{50}] %file:%line - %msg%n
      </pattern>
    </encoder>
  </appender>

  <appender name="async" class="ch.qos.logback.classic.AsyncAppender">
    <discardingThreshold>0</discardingThreshold>
    <queueSize>256</queueSize>
    <appender-ref ref="debug"/>
  </appender>

  <appender name="error" class="ch.qos.logback.core.rolling.RollingFileAppender">
    <file>${LOG_HOME}/error.log</file>
    <rollingPolicy class="ch.qos.logback.core.rolling.SizeAndTimeBasedRollingPolicy">
      <fileNamePattern>${LOG_HOME}/%d{yyyy-MM}/error.%d{yyyy-MM-dd}.%i.log.gz</fileNamePattern>
      <maxFileSize>50MB</maxFileSize>
      <maxHistory>30</maxHistory>
    </rollingPolicy>
    <encoder>
      <pattern>[${springAppName},%X{traceId:-},%X{spanId:-},%X{PID:-}]
        %d{yyyy-MM-dd HH:mm:ss.SSS} [%thread] %-5level [%logger{50}] %file:%line - %msg%n
      </pattern>
    </encoder>
    <filter class="ch.qos.logback.classic.filter.ThresholdFilter">
      <level>ERROR</level>
    </filter>
  </appender>

  <springProfile name="!dev">
    <root level="INFO">
      <appender-ref ref="console"/>
      <appender-ref ref="async"/>
      <appender-ref ref="error"/>
    </root>
  </springProfile>

  <springProfile name="dev">
    <root level="info">
      <appender-ref ref="console"/>
      <appender-ref ref="async"/>
      <appender-ref ref="error"/>
<!--      <appender-ref ref="logstash"/>-->
    </root>
  </springProfile>
</configuration>
