<application>
  <component name="FileTypeManager" version="18">
    <extensionMap>
      <mapping ext="space.kts" type="Kotlin" />
      <mapping ext="gradle.kts" type="Kotlin" />
      <mapping ext="main.kts" type="Kotlin" />
      <mapping pattern="sss.sh" type="PLAIN_TEXT" />
      <mapping ext="plantuml" type="PlantUML file" />
      <removed_mapping ext="apk" approved="true" type="ARCHIVE" />
      <removed_mapping ext="conf" approved="true" type="PLAIN_TEXT" />
      <removed_mapping ext="ignore" approved="true" type="IgnoreLang file" />
      <removed_mapping ext="psd" approved="true" type="Image" />
      <removed_mapping ext="vue" approved="true" type="PLAIN_TEXT" />
    </extensionMap>
  </component>
</application>