<application>
  <component name="SettingsSyncPlugins">
    <option name="plugins">
      <map>
        <entry key="JProfiler">
          <value>
            <PluginData>
              <option name="dependencies">
                <set>
                  <option value="com.intellij.modules.java" />
                </set>
              </option>
            </PluginData>
          </value>
        </entry>
        <entry key="MavenRunHelper">
          <value>
            <PluginData>
              <option name="dependencies">
                <set>
                  <option value="com.intellij.modules.java" />
                  <option value="org.jetbrains.idea.maven" />
                </set>
              </option>
            </PluginData>
          </value>
        </entry>
        <entry key="PlantUML integration">
          <value>
            <PluginData>
              <option name="dependencies">
                <set>
                  <option value="com.intellij.modules.platform" />
                </set>
              </option>
            </PluginData>
          </value>
        </entry>
        <entry key="SequenceDiagram">
          <value>
            <PluginData>
              <option name="dependencies">
                <set>
                  <option value="com.intellij.modules.java" />
                  <option value="com.intellij.modules.platform" />
                  <option value="org.jetbrains.kotlin" />
                </set>
              </option>
            </PluginData>
          </value>
        </entry>
        <entry key="coderead.IdeaPlugins.maven">
          <value>
            <PluginData>
              <option name="dependencies">
                <set>
                  <option value="com.intellij.modules.java" />
                  <option value="com.intellij.modules.platform" />
                </set>
              </option>
            </PluginData>
          </value>
        </entry>
        <entry key="com.alibaba.p3c.smartfox">
          <value>
            <PluginData>
              <option name="dependencies">
                <set>
                  <option value="com.intellij.modules.lang" />
                  <option value="com.intellij.modules.platform" />
                  <option value="com.intellij.modules.vcs" />
                  <option value="com.intellij.modules.xdebugger" />
                  <option value="com.intellij.modules.xml" />
                </set>
              </option>
              <option name="enabled" value="false" />
            </PluginData>
          </value>
        </entry>
        <entry key="com.cap.plugin.elasticsearch.client">
          <value>
            <PluginData>
              <option name="dependencies">
                <set>
                  <option value="com.intellij.modules.platform" />
                </set>
              </option>
            </PluginData>
          </value>
        </entry>
        <entry key="com.haulmont.jpab">
          <value>
            <PluginData>
              <option name="dependencies">
                <set>
                  <option value="com.intellij.modules.java" />
                  <option value="com.intellij.modules.platform" />
                  <option value="com.intellij.properties" />
                </set>
              </option>
            </PluginData>
          </value>
        </entry>
        <entry key="com.intellij.drools">
          <value>
            <PluginData />
          </value>
        </entry>
        <entry key="dev.meanmail.plugin.nginx-intellij-plugin">
          <value>
            <PluginData>
              <option name="dependencies">
                <set>
                  <option value="com.intellij.modules.lang" />
                </set>
              </option>
            </PluginData>
          </value>
        </entry>
        <entry key="flowable-bpmn-visualizer">
          <value>
            <PluginData>
              <option name="dependencies">
                <set>
                  <option value="com.intellij.database" />
                  <option value="com.intellij.modules.java" />
                  <option value="com.intellij.modules.lang" />
                </set>
              </option>
            </PluginData>
          </value>
        </entry>
        <entry key="jclasslib">
          <value>
            <PluginData>
              <option name="dependencies">
                <set>
                  <option value="com.intellij.java" />
                  <option value="com.intellij.modules.java" />
                </set>
              </option>
            </PluginData>
          </value>
        </entry>
        <entry key="mobi.hsz.idea.gitignore">
          <value>
            <PluginData>
              <option name="dependencies">
                <set>
                  <option value="com.intellij.modules.lang" />
                  <option value="com.intellij.modules.vcs" />
                </set>
              </option>
            </PluginData>
          </value>
        </entry>
        <entry key="org.jetbrains.plugins.vue">
          <value>
            <PluginData />
          </value>
        </entry>
        <entry key="ru.artyushov">
          <value>
            <PluginData>
              <option name="dependencies">
                <set>
                  <option value="com.intellij.modules.java" />
                </set>
              </option>
            </PluginData>
          </value>
        </entry>
        <entry key="some.awesome">
          <value>
            <PluginData>
              <option name="dependencies">
                <set>
                  <option value="com.intellij.modules.platform" />
                </set>
              </option>
            </PluginData>
          </value>
        </entry>
      </map>
    </option>
  </component>
</application>